Data do commit;Arquivo;Seletores de Tipo;Seletores de Classe;Seletores de ID
14/10/2014 18:39:19;modules/openlmis-web/src/main/webapp/public/less/login.less;22;29;0
24/07/2014 07:42:09;modules/openlmis-web/src/main/webapp/public/less/content.less;109;374;48
24/07/2014 07:42:09;modules/openlmis-web/src/main/webapp/public/less/distribution.less;25;79;22
23/07/2014 13:57:28;modules/openlmis-web/src/main/webapp/public/less/navigation.less;15;11;1
23/07/2014 13:10:50;modules/openlmis-web/src/main/webapp/public/less/content.less;109;373;48
23/07/2014 05:36:38;modules/openlmis-web/src/main/webapp/public/less/content.less;110;366;48
21/07/2014 09:48:15;modules/openlmis-web/src/main/webapp/public/less/content.less;110;366;47
21/07/2014 06:22:10;modules/openlmis-web/src/main/webapp/public/less/content.less;109;366;47
17/07/2014 07:40:39;modules/openlmis-web/src/main/webapp/public/less/content.less;109;365;46
17/07/2014 03:56:12;modules/openlmis-web/src/main/webapp/public/less/base.less;27;25;1
17/07/2014 03:56:12;modules/openlmis-web/src/main/webapp/public/less/content.less;109;366;46
17/07/2014 02:43:55;modules/openlmis-web/src/main/webapp/public/less/content.less;109;364;46
17/07/2014 02:29:49;modules/openlmis-web/src/main/webapp/public/less/content.less;109;363;47
16/07/2014 08:08:57;modules/openlmis-web/src/main/webapp/public/less/content.less;108;361;44
15/07/2014 02:11:43;modules/openlmis-web/src/main/webapp/public/less/content.less;108;361;43
14/07/2014 04:00:30;modules/openlmis-web/src/main/webapp/public/less/content.less;108;361;43
14/07/2014 03:14:11;modules/openlmis-web/src/main/webapp/public/less/content.less;108;360;41
11/07/2014 07:28:44;modules/openlmis-web/src/main/webapp/public/less/content.less;108;360;41
11/07/2014 07:20:15;modules/openlmis-web/src/main/webapp/public/less/content.less;108;360;41
10/07/2014 08:18:06;modules/openlmis-web/src/main/webapp/public/less/content.less;108;359;40
08/07/2014 08:29:54;modules/openlmis-web/src/main/webapp/public/less/content.less;108;359;39
01/07/2014 04:03:27;modules/openlmis-web/src/main/webapp/public/less/base.less;27;24;1
30/06/2014 02:37:45;modules/openlmis-web/src/main/webapp/public/less/content.less;108;359;39
30/06/2014 02:37:45;modules/openlmis-web/src/main/webapp/public/less/base.less;27;25;1
30/06/2014 02:37:45;modules/openlmis-web/src/main/webapp/public/less/content.less;108;358;39
27/06/2014 02:05:48;modules/openlmis-web/src/main/webapp/public/less/base.less;27;24;1
27/06/2014 02:05:48;modules/openlmis-web/src/main/webapp/public/less/content.less;108;355;39
26/06/2014 06:41:11;modules/openlmis-web/src/main/webapp/public/less/base.less;27;23;1
26/06/2014 06:41:11;modules/openlmis-web/src/main/webapp/public/less/content.less;108;356;39
25/06/2014 06:54:57;modules/openlmis-web/src/main/webapp/public/less/base.less;27;22;1
25/06/2014 06:54:57;modules/openlmis-web/src/main/webapp/public/less/content.less;108;354;38
25/06/2014 06:54:57;modules/openlmis-web/src/main/webapp/public/less/distribution.less;23;75;18
25/06/2014 04:22:36;modules/openlmis-web/src/main/webapp/public/less/content.less;108;355;38
24/06/2014 22:12:20;modules/openlmis-web/src/main/webapp/public/less/accordion.less;4;2;0
24/06/2014 22:12:20;modules/openlmis-web/src/main/webapp/public/less/app.less;0;0;0
24/06/2014 22:12:20;modules/openlmis-web/src/main/webapp/public/less/base.less;27;20;1
24/06/2014 22:12:20;modules/openlmis-web/src/main/webapp/public/less/content.less;104;333;33
24/06/2014 22:12:20;modules/openlmis-web/src/main/webapp/public/less/distribution.less;23;76;18
24/06/2014 09:09:58;modules/openlmis-web/src/main/webapp/public/less/content.less;107;344;36
24/06/2014 03:36:00;modules/openlmis-web/src/main/webapp/public/less/content.less;107;343;36
22/06/2014 13:19:01;modules/openlmis-web/src/main/webapp/public/less/content.less;107;343;36
21/06/2014 13:28:53;modules/openlmis-web/src/main/webapp/public/less/content.less;105;337;36
20/06/2014 05:14:01;modules/openlmis-web/src/main/webapp/public/less/content.less;105;337;36
19/06/2014 09:28:42;modules/openlmis-web/src/main/webapp/public/less/content.less;104;335;35
17/06/2014 06:58:55;modules/openlmis-web/src/main/webapp/public/less/base.less;27;22;1
17/06/2014 06:58:55;modules/openlmis-web/src/main/webapp/public/less/content.less;104;334;35
17/06/2014 03:30:43;modules/openlmis-web/src/main/webapp/public/less/content.less;104;334;34
16/06/2014 08:25:37;modules/openlmis-web/src/main/webapp/public/less/base.less;27;21;1
16/06/2014 02:12:15;modules/openlmis-web/src/main/webapp/public/less/content.less;104;333;33
10/06/2014 12:34:53;modules/openlmis-web/src/main/webapp/public/less/content.less;104;333;33
10/06/2014 05:41:28;modules/openlmis-web/src/main/webapp/public/less/content.less;104;333;33
10/06/2014 03:15:19;modules/openlmis-web/src/main/webapp/public/less/accordion.less;4;2;0
10/06/2014 03:15:19;modules/openlmis-web/src/main/webapp/public/less/app.less;0;0;0
10/06/2014 03:15:19;modules/openlmis-web/src/main/webapp/public/less/base.less;27;20;1
10/06/2014 03:15:19;modules/openlmis-web/src/main/webapp/public/less/content.less;104;333;32
10/06/2014 03:15:19;modules/openlmis-web/src/main/webapp/public/less/distribution.less;23;76;18
06/06/2014 02:24:39;modules/openlmis-web/src/main/webapp/public/less/content.less;102;331;30
04/06/2014 04:30:08;modules/openlmis-web/src/main/webapp/public/less/content.less;102;331;30
02/06/2014 03:05:43;modules/openlmis-web/src/main/webapp/public/less/content.less;102;331;30
21/05/2014 06:10:27;modules/openlmis-web/src/main/webapp/public/less/content.less;99;314;25
21/05/2014 06:10:27;modules/openlmis-web/src/main/webapp/public/less/distribution.less;30;83;22
20/05/2014 04:08:38;modules/openlmis-web/src/main/webapp/public/less/distribution.less;29;83;22
19/05/2014 07:49:38;modules/openlmis-web/src/main/webapp/public/less/content.less;101;329;26
19/05/2014 07:49:37;modules/openlmis-web/src/main/webapp/public/less/app.less;0;0;0
19/05/2014 07:49:37;modules/openlmis-web/src/main/webapp/public/less/font-awesome.less (removed);0;0;0
19/05/2014 07:49:37;modules/openlmis-web/src/main/webapp/public/less/font-awesome/bootstrap.less;17;12;0
19/05/2014 07:49:37;modules/openlmis-web/src/main/webapp/public/less/font-awesome/core.less;12;14;0
19/05/2014 07:49:37;modules/openlmis-web/src/main/webapp/public/less/font-awesome/extras.less;12;10;0
19/05/2014 07:49:37;modules/openlmis-web/src/main/webapp/public/less/font-awesome/font-awesome-mixins.less;4;4;0
19/05/2014 07:49:37;modules/openlmis-web/src/main/webapp/public/less/font-awesome/font-awesome.less;0;0;0
19/05/2014 07:49:37;modules/openlmis-web/src/main/webapp/public/less/font-awesome/icons.less;0;378;0
19/05/2014 07:49:37;modules/openlmis-web/src/main/webapp/public/less/font-awesome/path.less;9;0;0
19/05/2014 07:49:37;modules/openlmis-web/src/main/webapp/public/less/font-awesome/variables.less;0;0;0
19/05/2014 07:49:37;modules/openlmis-web/src/main/webapp/public/less/content.less;101;328;26
19/05/2014 07:49:37;modules/openlmis-web/src/main/webapp/public/less/mixins.less;1;9;0
16/05/2014 04:18:05;modules/openlmis-web/src/main/webapp/public/less/content.less;104;321;27
13/05/2014 08:37:53;modules/openlmis-web/src/main/webapp/public/less/login.less;22;29;0
13/05/2014 06:07:40;modules/openlmis-web/src/main/webapp/public/less/content.less;100;319;26
06/05/2014 08:12:40;modules/openlmis-web/src/main/webapp/public/less/content.less;100;318;27
05/05/2014 08:38:52;modules/openlmis-web/src/main/webapp/public/less/content.less;100;318;26
02/05/2014 03:47:01;modules/openlmis-web/src/main/webapp/public/less/content.less;100;318;26
02/05/2014 03:12:20;modules/openlmis-web/src/main/webapp/public/less/content.less;100;316;26
02/05/2014 03:12:20;modules/openlmis-web/src/main/webapp/public/less/mixins.less;1;8;0
18/04/2014 05:04:26;modules/openlmis-web/src/main/webapp/public/less/content.less;99;316;25
18/04/2014 04:13:23;modules/openlmis-web/src/main/webapp/public/less/content.less;99;315;26
14/04/2014 04:50:28;modules/openlmis-web/src/main/webapp/public/less/content.less;99;313;25
11/04/2014 07:38:29;modules/openlmis-web/src/main/webapp/public/less/distribution.less;29;83;21
09/04/2014 02:39:38;modules/openlmis-web/src/main/webapp/public/less/content.less;99;312;25
09/04/2014 02:39:38;modules/openlmis-web/src/main/webapp/public/less/navigation.less;16;12;1
07/04/2014 04:30:47;modules/openlmis-web/src/main/webapp/public/less/distribution.less;29;79;18
07/04/2014 04:28:47;modules/openlmis-web/src/main/webapp/public/less/content.less;99;314;25
07/04/2014 04:28:46;modules/openlmis-web/src/main/webapp/public/less/content.less;99;313;25
07/04/2014 04:28:45;modules/openlmis-web/src/main/webapp/public/less/content.less;99;312;25
07/04/2014 04:28:45;modules/openlmis-web/src/main/webapp/public/less/navigation.less;16;12;1
02/04/2014 08:45:13;modules/openlmis-web/src/main/webapp/public/less/content.less;99;315;25
27/03/2014 07:33:33;modules/openlmis-web/src/main/webapp/public/less/content.less;99;314;25
26/03/2014 07:55:26;modules/openlmis-web/src/main/webapp/public/less/content.less;99;313;25
21/03/2014 04:38:24;modules/openlmis-web/src/main/webapp/public/less/content.less;99;312;25
21/03/2014 04:38:24;modules/openlmis-web/src/main/webapp/public/less/navigation.less;16;12;1
18/03/2014 07:53:43;modules/openlmis-web/src/main/webapp/public/less/content.less;99;312;25
18/03/2014 06:42:39;modules/openlmis-web/src/main/webapp/public/less/content.less;99;312;25
18/03/2014 03:26:36;modules/openlmis-web/src/main/webapp/public/less/base.less;27;19;1
11/03/2014 09:20:43;modules/openlmis-web/src/main/webapp/public/less/content.less;99;311;25
11/03/2014 09:20:43;modules/openlmis-web/src/main/webapp/public/less/content.less;99;310;25
11/03/2014 02:20:10;modules/openlmis-web/src/main/webapp/public/less/base.less;27;18;1
11/03/2014 02:20:10;modules/openlmis-web/src/main/webapp/public/less/content.less;99;310;25
11/03/2014 02:20:10;modules/openlmis-web/src/main/webapp/public/less/form-toolbar.less;3;21;1
11/03/2014 02:20:10;modules/openlmis-web/src/main/webapp/public/less/navigation.less;16;12;1
07/03/2014 04:36:29;modules/openlmis-web/src/main/webapp/public/less/navigation.less;14;9;0
06/03/2014 09:03:27;modules/openlmis-web/src/main/webapp/public/less/content.less;99;311;24
25/02/2014 02:42:52;modules/openlmis-web/src/main/webapp/public/less/content.less;99;310;24
24/02/2014 08:35:39;modules/openlmis-web/src/main/webapp/public/less/content.less;99;310;24
20/02/2014 04:06:22;modules/openlmis-web/src/main/webapp/public/less/content.less;99;309;22
19/02/2014 09:34:08;modules/openlmis-web/src/main/webapp/public/less/distribution.less;28;79;18
18/02/2014 09:08:40;modules/openlmis-web/src/main/webapp/public/less/content.less;98;309;21
18/02/2014 09:08:40;modules/openlmis-web/src/main/webapp/public/less/distribution.less;27;79;18
18/02/2014 08:35:41;modules/openlmis-web/src/main/webapp/public/less/distribution.less;27;80;16
17/02/2014 05:46:43;modules/openlmis-web/src/main/webapp/public/less/content.less;98;308;23
17/02/2014 04:36:00;modules/openlmis-web/src/main/webapp/public/less/distribution.less;26;79;16
13/02/2014 03:43:59;modules/openlmis-web/src/main/webapp/public/less/distribution.less;26;78;17
13/02/2014 03:43:59;modules/openlmis-web/src/main/webapp/public/less/distribution.less;26;78;16
13/02/2014 03:43:59;modules/openlmis-web/src/main/webapp/public/less/content.less;98;308;23
13/02/2014 03:43:59;modules/openlmis-web/src/main/webapp/public/less/content.less;98;307;23
13/02/2014 03:43:59;modules/openlmis-web/src/main/webapp/public/less/distribution.less;26;78;16
12/02/2014 03:17:07;modules/openlmis-web/src/main/webapp/public/less/content.less;98;306;23
12/02/2014 03:17:07;modules/openlmis-web/src/main/webapp/public/less/distribution.less;26;77;16
05/02/2014 16:32:29;modules/openlmis-web/src/main/webapp/public/less/distribution.less;26;75;15
05/02/2014 13:36:01;modules/openlmis-web/src/main/webapp/public/less/distribution.less;26;74;15
05/02/2014 04:23:37;modules/openlmis-web/src/main/webapp/public/less/content.less;98;306;23
29/01/2014 08:51:25;modules/openlmis-web/src/main/webapp/public/less/distribution.less;26;73;14
29/01/2014 08:39:00;modules/openlmis-web/src/main/webapp/public/less/distribution.less;26;72;14
28/01/2014 16:45:49;modules/openlmis-web/src/main/webapp/public/lib/angular/angular-csp.css;5;3;0
28/01/2014 10:32:23;modules/openlmis-web/src/main/webapp/public/less/content.less;98;306;23
28/01/2014 08:33:15;modules/openlmis-web/src/main/webapp/public/less/distribution.less;25;73;12
28/01/2014 08:33:15;modules/openlmis-web/src/main/webapp/public/less/distribution.less;25;72;12
23/01/2014 02:50:59;modules/openlmis-web/src/main/webapp/public/less/content.less;98;305;23
23/01/2014 02:50:59;modules/openlmis-web/src/main/webapp/public/less/distribution.less;24;71;12
22/01/2014 06:59:10;modules/openlmis-web/src/main/webapp/public/less/distribution.less;24;72;12
21/01/2014 10:32:36;modules/openlmis-web/src/main/webapp/public/less/distribution.less;25;68;12
21/01/2014 08:55:48;modules/openlmis-web/src/main/webapp/public/less/base.less;27;17;1
21/01/2014 08:55:48;modules/openlmis-web/src/main/webapp/public/less/content.less;98;304;23
21/01/2014 08:55:48;modules/openlmis-web/src/main/webapp/public/less/distribution.less;25;67;6
21/01/2014 05:29:27;modules/openlmis-web/src/main/webapp/public/less/content.less;98;305;23
21/01/2014 05:29:27;modules/openlmis-web/src/main/webapp/public/less/form-toolbar.less;3;21;1
20/01/2014 05:06:03;modules/openlmis-web/src/main/webapp/public/less/distribution.less;25;67;5
14/01/2014 09:42:00;modules/openlmis-web/src/main/webapp/public/less/content.less;98;305;23
14/01/2014 03:44:50;modules/openlmis-web/src/main/webapp/public/less/content.less;98;300;22
07/01/2014 04:09:14;modules/openlmis-web/src/main/webapp/public/less/distribution.less;25;67;5
06/01/2014 02:47:24;modules/openlmis-web/src/main/webapp/public/less/distribution.less;25;64;5
03/01/2014 10:05:48;modules/openlmis-web/src/main/webapp/public/less/content.less;98;299;22
03/01/2014 10:05:48;modules/openlmis-web/src/main/webapp/public/less/distribution.less;25;63;3
03/01/2014 04:58:20;modules/openlmis-web/src/main/webapp/public/less/distribution.less;23;63;3
30/12/2013 07:32:28;modules/openlmis-web/src/main/webapp/public/less/content.less;98;299;22
30/12/2013 07:32:28;modules/openlmis-web/src/main/webapp/public/less/distribution.less;23;60;3
30/12/2013 04:06:46;modules/openlmis-web/src/main/webapp/public/less/distribution.less;22;59;5
27/12/2013 02:30:35;modules/openlmis-web/src/main/webapp/public/less/form-toolbar.less;3;21;1
26/12/2013 10:30:02;modules/openlmis-web/src/main/webapp/public/less/form-toolbar.less;3;21;1
26/12/2013 10:22:05;modules/openlmis-web/src/main/webapp/public/less/form-toolbar.less;3;21;1
26/12/2013 05:23:05;modules/openlmis-web/src/main/webapp/public/less/form-toolbar.less;3;21;1
24/12/2013 03:42:34;modules/openlmis-web/src/main/webapp/public/less/form-toolbar.less;3;21;0
23/12/2013 14:36:29;modules/openlmis-web/src/test/javascript/lib/jasmine-gradle.css (removed);0;0;0
20/12/2013 10:55:34;modules/openlmis-web/src/main/webapp/public/less/content.less;98;304;22
20/12/2013 10:55:34;modules/openlmis-web/src/main/webapp/public/less/form-toolbar.less;3;20;0
20/12/2013 04:44:34;modules/openlmis-web/src/main/webapp/public/less/content.less;98;302;22
19/12/2013 11:08:42;modules/openlmis-web/src/main/webapp/public/less/form-toolbar.less;3;20;0
13/12/2013 08:11:46;modules/openlmis-web/src/main/webapp/public/less/content.less;97;303;22
13/12/2013 08:11:46;modules/openlmis-web/src/main/webapp/public/less/distribution.less;22;54;4
04/12/2013 10:48:01;modules/openlmis-web/src/main/webapp/public/less/content.less;97;303;22
04/12/2013 10:48:01;modules/openlmis-web/src/main/webapp/public/less/custom-scrollbar.less;0;1;0
29/11/2013 03:37:12;modules/openlmis-web/src/main/webapp/public/less/content.less;97;304;22
28/11/2013 09:46:27;modules/openlmis-web/src/main/webapp/public/less/content.less;97;304;22
28/11/2013 09:46:27;modules/openlmis-web/src/main/webapp/public/less/mixins.less;1;7;0
25/11/2013 06:07:14;modules/openlmis-web/src/main/webapp/public/less/content.less;97;304;22
19/11/2013 10:05:27;modules/openlmis-web/src/main/webapp/public/less/content.less;97;304;22
15/11/2013 05:00:33;modules/openlmis-web/src/main/webapp/public/less/content.less;97;304;22
15/11/2013 03:06:52;modules/openlmis-web/src/main/webapp/public/less/font-awesome.less;36;276;0
14/11/2013 01:50:17;modules/openlmis-web/src/main/webapp/public/less/content.less;97;302;22
13/11/2013 09:02:13;modules/openlmis-web/src/main/webapp/public/less/content.less;97;302;22
12/11/2013 07:29:37;modules/openlmis-web/src/main/webapp/public/less/content.less;97;302;22
07/11/2013 07:24:28;modules/openlmis-web/src/main/webapp/public/less/content.less;97;302;22
07/11/2013 07:24:28;modules/openlmis-web/src/main/webapp/public/less/content.less;97;302;22
07/11/2013 07:24:27;modules/openlmis-web/src/main/webapp/public/less/content.less;97;302;22
07/11/2013 07:24:27;modules/openlmis-web/src/main/webapp/public/less/content.less;97;301;23
07/11/2013 07:24:27;modules/openlmis-web/src/main/webapp/public/less/content.less;97;301;23
07/11/2013 07:24:27;modules/openlmis-web/src/main/webapp/public/less/content.less;97;302;23
07/11/2013 07:24:27;modules/openlmis-web/src/main/webapp/public/less/content.less;97;302;23
05/11/2013 03:18:50;modules/openlmis-web/src/main/webapp/public/less/content.less;96;296;23
04/11/2013 08:53:31;modules/openlmis-web/src/main/webapp/public/less/distribution.less;22;54;3
01/11/2013 07:08:17;modules/openlmis-web/src/main/webapp/public/less/content.less;96;297;23
01/11/2013 04:21:40;modules/openlmis-web/src/main/webapp/public/less/content.less;96;297;23
01/11/2013 04:21:40;modules/openlmis-web/src/main/webapp/public/less/login.less;22;28;0
01/11/2013 04:21:40;modules/openlmis-web/src/main/webapp/public/less/navigation.less;14;8;0
01/11/2013 04:21:39;modules/openlmis-web/src/main/webapp/public/less/content.less;102;291;23
01/11/2013 04:21:39;modules/openlmis-web/src/main/webapp/public/less/content.less;102;290;23
01/11/2013 03:51:54;modules/openlmis-web/src/main/webapp/public/less/distribution.less;22;53;3
31/10/2013 08:42:19;modules/openlmis-web/src/main/webapp/public/less/distribution.less;22;52;3
31/10/2013 08:42:19;modules/openlmis-web/src/main/webapp/public/less/font-awesome.less;36;276;0
30/10/2013 09:00:34;modules/openlmis-web/src/main/webapp/public/less/content.less;102;290;23
29/10/2013 10:03:35;modules/openlmis-web/src/main/webapp/public/less/login.less;22;28;0
29/10/2013 05:11:09;modules/openlmis-web/src/main/webapp/public/less/content.less;102;288;23
28/10/2013 03:25:41;modules/openlmis-web/src/main/webapp/public/less/content.less;102;288;23
25/10/2013 11:02:27;modules/openlmis-web/src/main/webapp/public/less/content.less;102;286;23
24/10/2013 10:37:43;modules/openlmis-web/src/main/webapp/public/less/content.less;102;289;23
24/10/2013 08:14:18;modules/openlmis-web/src/main/webapp/public/less/content.less;102;287;23
24/10/2013 01:59:28;modules/openlmis-web/src/main/webapp/public/less/content.less;102;287;23
24/10/2013 01:57:47;modules/openlmis-web/src/main/webapp/public/less/content.less;102;286;23
23/10/2013 07:40:18;modules/openlmis-web/src/main/webapp/public/less/content.less;102;286;23
23/10/2013 04:05:52;modules/openlmis-web/src/main/webapp/public/less/font-awesome.less;36;276;0
23/10/2013 02:27:57;modules/openlmis-web/src/main/webapp/public/less/content.less;102;285;23
22/10/2013 06:45:36;modules/openlmis-web/src/main/webapp/public/less/content.less;103;284;23
18/10/2013 09:05:49;modules/openlmis-web/src/main/webapp/public/less/content.less;103;284;23
17/10/2013 03:24:28;modules/openlmis-web/src/main/webapp/public/less/distribution.less;22;48;2
16/10/2013 07:00:02;modules/openlmis-web/src/main/webapp/public/less/distribution.less;22;48;2
16/10/2013 07:00:02;modules/openlmis-web/src/main/webapp/public/less/distribution.less;22;49;2
15/10/2013 09:38:01;modules/openlmis-web/src/main/webapp/public/less/distribution.less;17;46;2
15/10/2013 08:10:11;modules/openlmis-web/src/main/webapp/public/less/distribution.less;17;46;2
11/10/2013 08:36:51;modules/openlmis-web/src/main/webapp/public/less/distribution.less;17;45;2
11/10/2013 07:22:19;modules/openlmis-web/src/main/webapp/public/less/distribution.less;17;44;2
10/10/2013 04:05:27;modules/openlmis-web/src/main/webapp/public/less/content.less;103;281;22
10/10/2013 04:05:27;modules/openlmis-web/src/main/webapp/public/less/form-toolbar.less;2;16;0
10/10/2013 04:05:27;modules/openlmis-web/src/main/webapp/public/less/navigation.less;14;8;0
10/10/2013 04:05:27;modules/openlmis-web/src/main/webapp/public/less/ng-grid.less;2;71;0
10/10/2013 03:40:03;modules/openlmis-web/src/main/webapp/public/less/content.less;103;281;22
10/10/2013 03:40:03;modules/openlmis-web/src/main/webapp/public/less/form-toolbar.less;2;16;0
10/10/2013 03:40:03;modules/openlmis-web/src/main/webapp/public/less/navigation.less;14;8;0
10/10/2013 03:40:03;modules/openlmis-web/src/main/webapp/public/less/ng-grid.less;2;71;0
10/10/2013 02:40:34;modules/openlmis-web/src/main/webapp/public/less/distribution.less;17;43;2
09/10/2013 08:05:52;modules/openlmis-web/src/main/webapp/public/less/distribution.less;17;44;2
09/10/2013 08:05:52;modules/openlmis-web/src/main/webapp/public/less/distribution.less;16;44;2
08/10/2013 09:27:52;modules/openlmis-web/src/main/webapp/public/less/distribution.less;16;44;2
08/10/2013 07:59:28;modules/openlmis-web/src/main/webapp/public/less/distribution.less;16;43;2
07/10/2013 04:44:05;modules/openlmis-web/src/main/webapp/public/less/calendar.less;31;52;0
04/10/2013 01:52:02;modules/openlmis-web/src/main/webapp/public/less/base.less;26;16;1
04/10/2013 01:52:02;modules/openlmis-web/src/main/webapp/public/less/content.less;103;281;22
04/10/2013 01:52:02;modules/openlmis-web/src/main/webapp/public/less/distribution.less;16;43;2
03/10/2013 08:27:01;modules/openlmis-web/src/main/webapp/public/less/distribution.less;16;43;2
03/10/2013 03:47:58;modules/openlmis-web/src/main/webapp/public/less/content.less;103;281;24
03/10/2013 03:22:24;modules/openlmis-web/src/main/webapp/public/less/app.less;0;0;0
03/10/2013 03:22:24;modules/openlmis-web/src/main/webapp/public/less/base.less;25;16;1
03/10/2013 03:22:24;modules/openlmis-web/src/main/webapp/public/less/calendar.less;31;52;0
03/10/2013 03:22:24;modules/openlmis-web/src/main/webapp/public/less/content.less;103;281;24
03/10/2013 03:22:24;modules/openlmis-web/src/main/webapp/public/less/distribution.less;14;40;2
03/10/2013 03:22:24;modules/openlmis-web/src/main/webapp/public/less/font-awesome.less;36;276;0
03/10/2013 03:22:24;modules/openlmis-web/src/main/webapp/public/less/form-toolbar.less;2;16;0
03/10/2013 03:22:24;modules/openlmis-web/src/main/webapp/public/less/header.less;3;3;0
03/10/2013 03:22:24;modules/openlmis-web/src/main/webapp/public/less/ie9.less;0;4;0
03/10/2013 03:22:24;modules/openlmis-web/src/main/webapp/public/less/login.less;22;28;0
03/10/2013 03:22:24;modules/openlmis-web/src/main/webapp/public/less/mixins.less;1;8;0
03/10/2013 03:22:24;modules/openlmis-web/src/main/webapp/public/less/navigation.less;14;8;0
03/10/2013 03:22:24;modules/openlmis-web/src/main/webapp/public/less/ng-grid.less;2;71;0
01/10/2013 04:51:04;modules/openlmis-web/src/main/webapp/public/less/content.less;103;281;24
01/10/2013 01:32:01;modules/openlmis-web/src/main/webapp/public/less/content.less;103;281;23
01/10/2013 01:32:01;modules/openlmis-web/src/main/webapp/public/less/mixins.less;1;8;0
30/09/2013 06:07:39;modules/openlmis-web/src/main/webapp/public/less/header.less;3;3;0
30/09/2013 04:39:56;modules/openlmis-web/src/main/webapp/public/less/header.less;5;3;0
26/09/2013 09:16:44;modules/openlmis-web/src/main/webapp/public/less/content.less;96;268;23
26/09/2013 07:28:46;modules/openlmis-web/src/main/webapp/public/less/content.less;95;267;23
25/09/2013 07:22:26;modules/openlmis-web/src/main/webapp/public/less/content.less;95;266;23
25/09/2013 04:02:44;modules/openlmis-web/src/main/webapp/public/less/content.less;95;265;23
24/09/2013 08:10:48;modules/openlmis-web/src/main/webapp/public/less/content.less;95;264;23
24/09/2013 08:10:48;modules/openlmis-web/src/main/webapp/public/less/content.less;95;262;23
20/09/2013 04:19:53;modules/openlmis-web/src/main/webapp/public/less/content.less;95;262;23
19/09/2013 07:34:54;modules/openlmis-web/src/main/webapp/public/less/content.less;95;262;23
19/09/2013 06:03:32;modules/openlmis-web/src/main/webapp/public/less/content.less;95;261;23
18/09/2013 06:26:14;modules/openlmis-web/src/main/webapp/public/less/content.less;95;261;21
18/09/2013 06:26:14;modules/openlmis-web/src/main/webapp/public/less/distribution.less;14;40;2
18/09/2013 05:05:15;modules/openlmis-web/src/main/webapp/public/less/distribution.less;14;40;2
18/09/2013 05:05:15;modules/openlmis-web/src/main/webapp/public/less/base.less;25;16;1
18/09/2013 05:05:15;modules/openlmis-web/src/main/webapp/public/less/base.less;25;16;1
18/09/2013 05:05:15;modules/openlmis-web/src/main/webapp/public/less/content.less;95;261;20
18/09/2013 05:05:15;modules/openlmis-web/src/main/webapp/public/less/distribution.less;14;40;2
17/09/2013 05:13:06;modules/openlmis-web/src/main/webapp/public/less/content.less;95;256;20
17/09/2013 04:59:43;modules/openlmis-web/src/main/webapp/public/less/content.less;95;253;20
17/09/2013 03:56:01;modules/openlmis-web/src/main/webapp/public/less/content.less;95;245;18
17/09/2013 03:49:54;modules/openlmis-web/src/main/webapp/public/less/distribution.less;14;40;2
17/09/2013 03:49:54;modules/openlmis-web/src/main/webapp/public/less/content.less;95;245;18
17/09/2013 03:49:54;modules/openlmis-web/src/main/webapp/public/less/distribution.less;14;40;2
17/09/2013 03:49:54;modules/openlmis-web/src/main/webapp/public/less/content.less;91;235;18
17/09/2013 03:49:54;modules/openlmis-web/src/main/webapp/public/less/distribution.less;14;40;2
16/09/2013 07:17:20;modules/openlmis-web/src/main/webapp/public/less/distribution.less;10;30;2
16/09/2013 07:17:20;modules/openlmis-web/src/main/webapp/public/less/distribution.less;10;30;2
16/09/2013 05:44:48;modules/openlmis-web/src/main/webapp/public/less/content.less;96;237;19
16/09/2013 03:36:37;modules/openlmis-web/src/main/webapp/public/less/content.less;95;237;17
13/09/2013 08:44:00;modules/openlmis-web/src/main/webapp/public/less/content.less;95;244;19
13/09/2013 08:20:49;modules/openlmis-web/src/main/webapp/public/less/content.less;95;243;19
13/09/2013 06:58:50;modules/openlmis-web/src/main/webapp/public/less/content.less;95;243;19
13/09/2013 06:58:50;modules/openlmis-web/src/main/webapp/public/less/content.less;95;240;20
13/09/2013 06:58:50;modules/openlmis-web/src/main/webapp/public/less/content.less;95;239;17
13/09/2013 02:20:19;modules/openlmis-web/src/main/webapp/public/less/content.less;95;233;17
10/09/2013 08:34:42;modules/openlmis-web/src/main/webapp/public/less/distribution.less;10;28;2
10/09/2013 04:16:31;modules/openlmis-web/src/main/webapp/public/less/distribution.less;8;29;2
06/09/2013 04:07:31;modules/openlmis-web/src/main/webapp/public/less/distribution.less;8;28;2
06/09/2013 03:27:22;modules/openlmis-web/src/main/webapp/public/less/content.less;95;208;17
04/09/2013 08:22:18;modules/openlmis-web/src/main/webapp/public/less/content.less;95;208;17
04/09/2013 08:22:18;modules/openlmis-web/src/main/webapp/public/less/distribution.less;5;26;2
30/08/2013 07:01:10;modules/openlmis-web/src/main/webapp/public/less/content.less;95;207;17
23/08/2013 07:30:33;modules/openlmis-web/src/main/webapp/public/less/distribution.less;5;25;1
22/08/2013 08:10:16;modules/openlmis-web/src/main/webapp/public/less/content.less;90;205;16
21/08/2013 07:43:53;modules/openlmis-web/src/main/webapp/public/less/content.less;90;203;16
21/08/2013 05:16:31;modules/openlmis-web/src/main/webapp/public/less/content.less;89;202;16
21/08/2013 05:16:31;modules/openlmis-web/src/main/webapp/public/less/distribution.less;5;24;2
20/08/2013 04:04:54;modules/openlmis-web/src/main/webapp/public/less/form-toolbar.less;2;16;0
13/08/2013 02:58:45;modules/openlmis-web/src/main/webapp/public/less/distribution.less;5;22;2
09/08/2013 04:51:51;modules/openlmis-web/src/main/webapp/public/less/content.less;89;202;16
09/08/2013 02:26:37;modules/openlmis-web/src/main/webapp/public/less/distribution.less;5;22;2
08/08/2013 03:18:59;modules/openlmis-web/src/main/webapp/public/less/distribution.less;5;22;2
07/08/2013 05:00:47;modules/openlmis-web/src/main/webapp/public/less/content.less;89;202;16
06/08/2013 09:20:53;modules/openlmis-web/src/main/webapp/public/less/content.less;89;202;16
05/08/2013 09:27:30;modules/openlmis-web/src/main/webapp/public/less/content.less;88;203;16
01/08/2013 08:39:57;modules/openlmis-web/src/main/webapp/public/less/content.less;86;199;15
01/08/2013 08:39:57;modules/openlmis-web/src/main/webapp/public/less/login.less;22;28;0
01/08/2013 08:39:57;modules/openlmis-web/src/main/webapp/public/less/navigation.less;14;8;0
01/08/2013 04:31:14;modules/openlmis-web/src/main/webapp/public/less/content.less;86;199;15
01/08/2013 04:31:14;modules/openlmis-web/src/main/webapp/public/less/mixins.less;1;5;0
01/08/2013 02:54:08;modules/openlmis-web/src/main/webapp/public/less/content.less;86;199;15
01/08/2013 02:54:08;modules/openlmis-web/src/main/webapp/public/less/login.less;21;26;0
31/07/2013 03:03:31;modules/openlmis-web/src/main/webapp/public/less/content.less;86;199;15
31/07/2013 03:03:31;modules/openlmis-web/src/main/webapp/public/less/login.less;21;25;0
30/07/2013 09:11:47;modules/openlmis-web/src/main/webapp/public/less/content.less;86;199;15
30/07/2013 09:11:47;modules/openlmis-web/src/main/webapp/public/less/login.less;21;26;0
29/07/2013 05:06:26;modules/openlmis-web/src/main/webapp/public/less/distribution.css (removed);0;0;0
29/07/2013 03:54:05;modules/openlmis-web/src/main/webapp/public/less/distribution.css;6;13;0
26/07/2013 08:56:34;modules/openlmis-web/src/main/webapp/public/less/content.less;86;199;15
26/07/2013 08:56:34;modules/openlmis-web/src/main/webapp/public/less/distribution.less;1;12;0
26/07/2013 03:33:35;modules/openlmis-web/src/main/webapp/public/less/app.less;0;0;0
26/07/2013 03:33:35;modules/openlmis-web/src/main/webapp/public/less/distribution.less;0;3;0
22/07/2013 14:56:49;modules/openlmis-web/src/main/webapp/public/less/ng-grid.less;2;71;0
22/07/2013 01:56:17;modules/openlmis-web/src/main/webapp/public/less/content.less;85;200;15
16/07/2013 08:50:14;modules/openlmis-web/src/main/webapp/public/less/content.less;85;198;15
15/07/2013 08:11:59;modules/openlmis-web/src/main/webapp/public/less/content.less;85;196;15
12/07/2013 09:11:02;modules/openlmis-web/src/main/webapp/public/less/content.less;86;196;15
12/07/2013 02:30:11;modules/openlmis-web/src/main/webapp/public/less/content.less;86;196;15
11/07/2013 08:09:38;modules/openlmis-web/src/main/webapp/public/less/content.less;83;193;14
11/07/2013 05:21:45;modules/openlmis-web/src/main/webapp/public/less/content.less;84;193;14
09/07/2013 13:44:41;modules/openlmis-web/src/main/webapp/public/less/content.less;85;188;14
09/07/2013 04:41:35;modules/openlmis-web/src/main/webapp/public/less/content.less;85;188;14
08/07/2013 07:57:39;modules/openlmis-web/src/main/webapp/public/less/content.less;85;188;14
04/07/2013 06:24:34;modules/openlmis-web/src/main/webapp/public/less/content.less;84;188;14
02/07/2013 14:50:37;modules/openlmis-web/src/main/webapp/public/less/app.less;0;0;0
02/07/2013 14:50:37;modules/openlmis-web/src/main/webapp/public/less/content.less;83;185;14
02/07/2013 14:50:37;modules/openlmis-web/src/main/webapp/public/less/form-toolbar.less;2;15;0
02/07/2013 06:55:32;modules/openlmis-web/src/main/webapp/public/less/content.less;83;184;14
01/07/2013 07:46:50;modules/openlmis-web/src/main/webapp/public/less/content.less;80;178;15
01/07/2013 05:00:54;modules/openlmis-web/src/main/webapp/public/less/content.less;82;177;14
28/06/2013 07:59:59;modules/openlmis-web/src/main/webapp/public/less/content.less;82;177;13
27/06/2013 10:05:17;modules/openlmis-web/src/main/webapp/public/less/content.less;82;177;13
27/06/2013 08:42:56;modules/openlmis-web/src/main/webapp/public/less/content.less;82;178;13
27/06/2013 07:42:57;modules/openlmis-web/src/main/webapp/public/less/content.less;82;177;13
27/06/2013 07:17:12;modules/openlmis-web/src/main/webapp/public/less/login.less;21;25;0
27/06/2013 04:52:19;modules/openlmis-web/src/main/webapp/public/less/base.less;25;16;1
27/06/2013 04:52:19;modules/openlmis-web/src/main/webapp/public/less/content.less;82;177;13
26/06/2013 07:23:54;modules/openlmis-web/src/main/webapp/public/less/content.less;79;176;13
26/06/2013 04:55:41;modules/openlmis-web/src/main/webapp/public/less/content.less;82;176;13
26/06/2013 03:59:36;modules/openlmis-web/src/main/webapp/public/less/content.less;82;175;13
26/06/2013 03:12:03;modules/openlmis-web/src/main/webapp/public/less/header.less;1;3;0
26/06/2013 01:27:37;modules/openlmis-web/src/main/webapp/public/less/content.less;82;175;13
25/06/2013 12:52:44;modules/openlmis-web/src/main/webapp/public/less/content.less;78;171;10
25/06/2013 11:50:53;modules/openlmis-web/src/main/webapp/public/less/content.less;82;175;13
24/06/2013 06:54:48;modules/openlmis-web/src/main/webapp/public/less/content.less;78;171;10
21/06/2013 09:03:51;modules/openlmis-web/src/main/webapp/public/less/content.less;77;171;10
21/06/2013 08:04:19;modules/openlmis-web/src/main/webapp/public/less/content.less;77;170;10
21/06/2013 08:04:19;modules/openlmis-web/src/main/webapp/public/less/form-toolbar.less;2;15;0
21/06/2013 07:14:41;modules/openlmis-web/src/main/webapp/public/less/content.less;77;170;10
21/06/2013 07:14:41;modules/openlmis-web/src/main/webapp/public/less/form-toolbar.less;2;15;0
21/06/2013 04:59:53;modules/openlmis-web/src/main/webapp/public/less/content.less;77;170;10
20/06/2013 07:56:49;modules/openlmis-web/src/main/webapp/public/less/content.less;79;170;10
20/06/2013 03:14:28;stylesheets/pygment_trac.css;0;68;0
20/06/2013 03:14:28;stylesheets/styles.css;159;13;0
15/06/2013 13:49:27;modules/openlmis-web/src/main/webapp/public/less/content.less;77;167;9
13/06/2013 07:30:43;modules/openlmis-web/src/main/webapp/public/less/content.less;77;166;9
12/06/2013 16:03:43;modules/openlmis-web/src/main/webapp/public/less/base.less;24;16;1
12/06/2013 09:27:54;modules/openlmis-web/src/main/webapp/public/less/content.less;77;165;9
10/06/2013 05:54:20;modules/openlmis-web/src/main/webapp/public/less/content.less;70;162;4
10/06/2013 03:12:32;modules/openlmis-web/src/main/webapp/public/less/content.less;70;159;4
10/06/2013 02:17:00;modules/openlmis-web/src/main/webapp/public/less/content.less;70;159;4
05/06/2013 05:17:18;modules/openlmis-web/src/main/webapp/public/less/navigation.less;14;6;0
05/06/2013 04:43:28;modules/openlmis-web/src/main/webapp/public/less/content.less;70;159;4
04/06/2013 03:54:58;modules/openlmis-web/src/main/webapp/public/less/content.less;70;159;4
30/05/2013 08:35:49;modules/openlmis-web/src/main/webapp/public/less/content.less;70;158;4
30/05/2013 04:20:36;modules/openlmis-web/src/main/webapp/public/less/content.less;70;158;4
30/05/2013 04:20:35;modules/openlmis-web/src/main/webapp/public/less/content.less;69;159;4
29/05/2013 07:42:57;modules/openlmis-web/src/main/webapp/public/less/content.less;64;159;4
15/05/2013 10:24:55;modules/openlmis-web/src/main/webapp/public/less/content.less;63;158;4
07/05/2013 07:53:29;modules/openlmis-web/src/main/webapp/public/less/content.less;63;157;4
30/04/2013 03:44:58;modules/openlmis-web/src/main/webapp/public/lib/select2-release-3.2/select2.css (removed);0;0;0
30/04/2013 03:44:58;modules/openlmis-web/src/main/webapp/public/lib/select2/select2.css;21;56;0
17/04/2013 06:05:21;modules/openlmis-web/src/main/webapp/public/less/content.less;63;156;4
12/04/2013 06:19:32;modules/openlmis-web/src/main/webapp/public/less/content.less;62;156;4
09/04/2013 08:35:51;modules/openlmis-web/src/main/webapp/public/less/form-toolbar.less;2;15;0
09/04/2013 01:48:08;modules/openlmis-web/src/main/webapp/public/less/content.less;63;154;4
09/04/2013 01:48:08;modules/openlmis-web/src/main/webapp/public/less/form-toolbar.less;2;14;0
08/04/2013 06:31:57;modules/openlmis-web/src/main/webapp/public/less/base.less;22;14;1
08/04/2013 06:31:57;modules/openlmis-web/src/main/webapp/public/less/content.less;63;154;4
08/04/2013 06:31:57;modules/openlmis-web/src/main/webapp/public/less/login.less;20;25;0
08/04/2013 06:22:51;modules/openlmis-web/src/main/webapp/public/less/content.less;64;153;4
08/04/2013 03:05:25;modules/openlmis-web/src/main/webapp/public/less/content.less;64;152;4
05/04/2013 02:34:14;modules/openlmis-web/src/main/webapp/public/less/header.less;1;3;0
04/04/2013 04:37:52;modules/openlmis-web/src/main/webapp/public/less/form-toolbar.less;2;14;0
04/04/2013 03:11:03;modules/openlmis-web/src/main/webapp/public/less/content.less;64;152;4
04/04/2013 03:11:03;modules/openlmis-web/src/main/webapp/public/less/form-toolbar.less;1;14;0
04/04/2013 02:20:02;modules/openlmis-web/src/main/webapp/public/less/form-toolbar.less;1;14;0
03/04/2013 04:25:14;modules/openlmis-web/src/main/webapp/public/less/app.less;0;0;0
03/04/2013 04:25:14;modules/openlmis-web/src/main/webapp/public/less/content.less;64;152;4
03/04/2013 04:25:14;modules/openlmis-web/src/main/webapp/public/less/form-toolbar.less;1;15;0
02/04/2013 02:45:50;modules/openlmis-web/src/main/webapp/public/less/content.less;64;160;4
01/04/2013 09:26:40;modules/openlmis-web/src/main/webapp/public/less/content.less;64;160;4
01/04/2013 07:50:39;modules/openlmis-web/src/main/webapp/public/less/app.less;0;0;0
01/04/2013 07:50:39;modules/openlmis-web/src/main/webapp/public/less/content.less;64;159;4
01/04/2013 07:50:39;modules/openlmis-web/src/main/webapp/public/less/font-awesome.less;36;276;0
01/04/2013 06:46:23;modules/openlmis-web/src/main/webapp/public/less/base.less;7;13;1
01/04/2013 06:46:23;modules/openlmis-web/src/main/webapp/public/less/header.less;1;3;0
26/03/2013 03:02:19;modules/openlmis-web/src/main/webapp/public/less/content.less;64;158;4
25/03/2013 09:22:47;modules/openlmis-web/src/main/webapp/public/less/content.less;64;158;4
22/03/2013 07:36:17;modules/openlmis-web/src/main/webapp/public/less/content.less;64;157;4
22/03/2013 07:36:17;modules/openlmis-web/src/main/webapp/public/less/ng-grid.css (removed);0;0;0
22/03/2013 07:36:17;modules/openlmis-web/src/main/webapp/public/less/ng-grid.less;2;67;0
22/03/2013 07:36:17;modules/openlmis-web/src/main/webapp/public/lib/bootstrap/css/bootstrap-responsive.css;46;287;0
22/03/2013 07:36:17;modules/openlmis-web/src/main/webapp/public/lib/bootstrap/css/bootstrap-responsive.min.css;36;212;0
22/03/2013 07:36:17;modules/openlmis-web/src/main/webapp/public/lib/bootstrap/css/bootstrap.css;507;944;0
22/03/2013 07:36:17;modules/openlmis-web/src/main/webapp/public/lib/bootstrap/css/bootstrap.min.css;516;751;50
22/03/2013 06:52:06;modules/openlmis-web/src/main/webapp/public/less/app.less;0;0;0
22/03/2013 06:52:06;modules/openlmis-web/src/main/webapp/public/less/base.less;6;13;1
22/03/2013 06:52:06;modules/openlmis-web/src/main/webapp/public/less/calendar.less;31;52;0
22/03/2013 06:52:06;modules/openlmis-web/src/main/webapp/public/less/content.less;64;157;4
22/03/2013 06:52:06;modules/openlmis-web/src/main/webapp/public/less/header.less;1;3;0
22/03/2013 06:52:06;modules/openlmis-web/src/main/webapp/public/less/ie9.less;0;4;0
22/03/2013 06:52:06;modules/openlmis-web/src/main/webapp/public/less/login.less;5;24;0
22/03/2013 06:52:06;modules/openlmis-web/src/main/webapp/public/less/navigation.less;14;6;0
22/03/2013 06:52:06;modules/openlmis-web/src/main/webapp/public/less/ng-grid.css;2;64;0
22/03/2013 06:52:06;modules/openlmis-web/src/main/webapp/public/less/ng-grid.less;2;65;0
21/03/2013 05:38:55;modules/openlmis-web/src/main/webapp/public/less/content.less;64;157;4
20/03/2013 06:38:19;modules/openlmis-web/src/main/webapp/public/less/content.less;64;157;4
19/03/2013 11:41:12;modules/openlmis-web/src/main/webapp/public/less/content.less;60;152;4
18/03/2013 08:43:45;modules/openlmis-web/src/main/webapp/public/less/base.less;6;13;1
18/03/2013 08:43:45;modules/openlmis-web/src/main/webapp/public/less/content.less;60;152;4
14/03/2013 03:52:10;modules/openlmis-web/src/main/webapp/public/less/content.less;59;150;4
13/03/2013 11:55:26;modules/openlmis-web/src/main/webapp/public/less/content.less;58;146;4
13/03/2013 05:47:37;modules/openlmis-web/src/main/webapp/public/less/content.less;58;146;4
12/03/2013 09:48:38;modules/openlmis-web/src/main/webapp/public/less/content.less;58;145;4
12/03/2013 01:28:51;modules/openlmis-web/src/main/webapp/public/less/content.less;58;144;4
09/03/2013 15:26:01;modules/openlmis-web/src/main/webapp/public/less/content.less;58;142;3
09/03/2013 15:26:01;modules/openlmis-web/src/main/webapp/public/less/content.less;58;142;3
08/03/2013 09:39:54;modules/openlmis-web/src/main/webapp/public/less/content.less;58;141;3
08/03/2013 06:05:54;modules/openlmis-web/src/main/webapp/public/less/app.less;0;0;0
08/03/2013 06:05:54;modules/openlmis-web/src/main/webapp/public/less/base.less;6;5;1
08/03/2013 05:26:07;modules/openlmis-web/src/main/webapp/public/less/header.less;1;3;0
08/03/2013 04:47:33;modules/openlmis-web/src/main/webapp/public/less/content.less;58;141;3
08/03/2013 01:25:35;modules/openlmis-web/src/main/webapp/public/less/content.less;58;141;3
07/03/2013 04:08:01;modules/openlmis-web/src/main/webapp/public/less/content.less;57;141;3
06/03/2013 06:54:22;modules/openlmis-web/src/main/webapp/public/less/content.less;57;140;3
06/03/2013 06:06:38;modules/openlmis-web/src/main/webapp/public/less/content.less;57;140;3
06/03/2013 04:51:40;modules/openlmis-web/src/main/webapp/public/less/content.less;57;140;3
05/03/2013 08:58:37;modules/openlmis-web/src/main/webapp/public/less/content.less;57;140;3
05/03/2013 08:38:21;modules/openlmis-web/src/main/webapp/public/less/content.less;57;140;3
05/03/2013 03:00:03;modules/openlmis-web/src/main/webapp/public/less/content.less;57;139;3
01/03/2013 02:34:22;modules/openlmis-web/src/main/webapp/public/less/content.less;57;139;3
28/02/2013 03:47:07;modules/openlmis-web/src/main/webapp/public/less/app.less;0;1;0
28/02/2013 03:47:07;modules/openlmis-web/src/main/webapp/public/less/content.less;57;139;3
27/02/2013 10:13:39;modules/openlmis-web/src/main/webapp/public/less/content.less;58;138;3
27/02/2013 09:36:19;modules/openlmis-web/src/main/webapp/public/less/app.less;0;1;1
27/02/2013 02:21:36;modules/openlmis-web/src/main/webapp/public/less/content.less;56;137;3
26/02/2013 09:54:40;modules/openlmis-web/src/main/webapp/public/less/content.less;56;135;2
26/02/2013 08:55:17;modules/openlmis-web/src/main/webapp/public/less/content.less;55;135;1
26/02/2013 08:55:17;modules/openlmis-web/src/main/webapp/public/less/login.less;5;24;0
25/02/2013 09:32:33;modules/openlmis-web/src/main/webapp/public/less/content.less;55;134;1
25/02/2013 09:32:33;modules/openlmis-web/src/main/webapp/public/less/ng-grid.less;2;65;0
25/02/2013 06:11:35;modules/openlmis-web/src/main/webapp/public/less/ie9.less;0;4;0
22/02/2013 08:58:43;modules/openlmis-web/src/main/webapp/public/less/content.less;54;134;1
22/02/2013 04:45:33;modules/openlmis-web/src/main/webapp/public/less/calendar.less;31;52;0
22/02/2013 04:45:33;modules/openlmis-web/src/main/webapp/public/less/content.less;54;133;1
22/02/2013 01:34:27;modules/openlmis-web/src/main/webapp/public/less/header.less;1;3;0
21/02/2013 14:30:40;modules/openlmis-web/src/main/webapp/public/less/content.less;53;131;1
20/02/2013 05:03:35;modules/openlmis-web/src/main/webapp/public/less/ie9.less;0;3;0
20/02/2013 05:03:35;modules/openlmis-web/src/main/webapp/public/less/navigation.less;14;6;0
20/02/2013 04:35:44;modules/openlmis-web/src/main/webapp/public/less/content.less;53;130;1
18/02/2013 08:00:10;modules/openlmis-web/src/main/webapp/public/less/content.less;53;130;1
18/02/2013 03:18:24;modules/openlmis-web/src/main/webapp/public/less/navigation.less;14;6;0
14/02/2013 07:00:45;modules/openlmis-web/src/main/webapp/public/less/navigation.less;14;5;0
13/02/2013 08:01:57;modules/openlmis-web/src/main/webapp/public/less/content.less;50;128;1
12/02/2013 09:41:24;modules/openlmis-web/src/main/webapp/public/less/content.less;50;127;1
12/02/2013 07:54:10;modules/openlmis-web/src/main/webapp/public/less/content.less;50;126;1
07/02/2013 10:37:31;modules/openlmis-web/src/main/webapp/public/less/content.less;49;119;1
07/02/2013 05:54:12;modules/openlmis-web/src/main/webapp/public/less/content.less;49;118;1
07/02/2013 04:17:17;modules/openlmis-web/src/main/webapp/public/less/content.less;49;117;1
07/02/2013 04:05:56;modules/openlmis-web/src/main/webapp/public/less/content.less;49;118;1
07/02/2013 02:59:41;modules/openlmis-web/src/main/webapp/public/less/content.less;48;113;1
06/02/2013 08:36:00;modules/openlmis-web/src/main/webapp/public/less/content.less;48;112;1
06/02/2013 08:36:00;modules/openlmis-web/src/main/webapp/public/lib/angular-ui/angular-ui.min.css;0;5;0
05/02/2013 05:24:10;modules/openlmis-web/src/main/webapp/public/less/content.less;48;111;1
04/02/2013 08:59:51;modules/openlmis-web/src/main/webapp/public/less/content.less;48;108;1
04/02/2013 04:46:09;modules/openlmis-web/src/main/webapp/public/less/content.less;47;107;1
01/02/2013 10:54:50;modules/openlmis-web/src/main/webapp/public/less/content.less;46;107;1
31/01/2013 09:50:40;modules/openlmis-web/src/main/webapp/public/less/base.less;5;5;1
31/01/2013 05:46:37;modules/openlmis-web/src/main/webapp/public/lib/select2-release-3.2/select2.css;18;53;0
31/01/2013 04:17:27;modules/openlmis-web/src/main/webapp/public/lib/angular-ui/angular-ui.css;0;9;0
31/01/2013 04:17:27;modules/openlmis-web/src/main/webapp/public/lib/angular-ui/angular-ui.min.css;0;9;0
31/01/2013 04:17:27;modules/openlmis-web/src/main/webapp/public/lib/bootstrap/css/bootstrap-responsive.css;51;293;0
31/01/2013 04:17:27;modules/openlmis-web/src/main/webapp/public/lib/bootstrap/css/bootstrap-responsive.min.css;43;301;0
31/01/2013 04:17:27;modules/openlmis-web/src/main/webapp/public/lib/bootstrap/css/bootstrap.css;542;971;0
31/01/2013 04:17:27;modules/openlmis-web/src/main/webapp/public/lib/bootstrap/css/bootstrap.min.css;438;1070;0
29/01/2013 10:23:49;modules/openlmis-web/src/main/webapp/public/less/content.less;46;106;1
29/01/2013 08:08:28;modules/openlmis-web/src/main/webapp/public/less/content.less;46;105;1
28/01/2013 11:41:47;modules/openlmis-web/src/main/webapp/public/less/content.less;46;103;1
28/01/2013 09:32:40;modules/openlmis-web/src/main/webapp/public/less/base.less;4;5;1
28/01/2013 09:32:40;modules/openlmis-web/src/main/webapp/public/less/content.less;46;103;1
27/01/2013 19:17:30;modules/openlmis-web/src/main/webapp/public/less/calendar.less;31;52;0
27/01/2013 18:51:31;modules/openlmis-web/src/main/webapp/public/less/base.less;3;5;1
27/01/2013 18:51:31;modules/openlmis-web/src/main/webapp/public/less/content.less;46;102;1
27/01/2013 18:51:31;modules/openlmis-web/src/main/webapp/public/less/login.less;5;23;0
27/01/2013 18:51:31;modules/openlmis-web/src/main/webapp/public/less/navigation.less;14;5;0
24/01/2013 08:55:39;modules/openlmis-web/src/main/webapp/public/less/content.less;47;99;1
24/01/2013 07:26:33;modules/openlmis-web/src/main/webapp/public/less/navigation.less;14;5;0
24/01/2013 05:50:38;modules/openlmis-web/src/main/webapp/public/less/content.less;47;94;1
24/01/2013 05:50:38;modules/openlmis-web/src/main/webapp/public/less/header.less;1;3;0
24/01/2013 05:50:38;modules/openlmis-web/src/main/webapp/public/less/navigation.less;14;4;0
24/01/2013 05:50:38;modules/openlmis-web/src/main/webapp/public/less/ng-grid.css;2;64;0
24/01/2013 04:03:13;modules/openlmis-web/src/main/webapp/public/less/base.less;2;0;1
24/01/2013 04:03:13;modules/openlmis-web/src/main/webapp/public/less/content.less;47;94;1
24/01/2013 04:03:13;modules/openlmis-web/src/main/webapp/public/less/header.less;1;3;0
24/01/2013 04:03:13;modules/openlmis-web/src/main/webapp/public/less/navigation.less;14;5;0
24/01/2013 03:55:44;modules/openlmis-web/src/main/webapp/public/less/content.less;46;93;1
24/01/2013 03:55:44;modules/openlmis-web/src/main/webapp/public/less/header.less;1;3;0
24/01/2013 03:55:44;modules/openlmis-web/src/main/webapp/public/less/navigation.less;14;5;0
23/01/2013 18:19:39;modules/openlmis-web/src/main/webapp/public/less/base.less;2;0;1
23/01/2013 18:19:39;modules/openlmis-web/src/main/webapp/public/less/content.less;46;93;1
23/01/2013 09:45:39;modules/openlmis-web/src/main/webapp/public/less/content.less;44;91;1
23/01/2013 05:03:13;modules/openlmis-web/src/main/webapp/public/less/content.less;43;90;1
23/01/2013 05:03:13;modules/openlmis-web/src/main/webapp/public/less/login.less;5;23;0
23/01/2013 05:03:13;modules/openlmis-web/src/main/webapp/public/less/navigation.less;14;5;0
22/01/2013 04:57:51;modules/openlmis-web/src/main/webapp/public/less/content.less;43;88;1
22/01/2013 04:28:26;modules/openlmis-web/src/main/webapp/public/less/content.less;43;88;1
22/01/2013 04:28:26;modules/openlmis-web/src/main/webapp/public/less/header.less;1;3;0
22/01/2013 04:28:26;modules/openlmis-web/src/main/webapp/public/less/login.less;5;23;0
22/01/2013 04:28:26;modules/openlmis-web/src/main/webapp/public/less/navigation.less;11;4;0
21/01/2013 04:51:54;modules/openlmis-web/src/main/webapp/public/less/content.less;43;88;1
19/01/2013 15:58:34;modules/openlmis-web/src/main/webapp/public/less/content.less;42;87;1
18/01/2013 10:47:39;modules/openlmis-web/src/main/webapp/public/less/content.less;42;87;1
18/01/2013 10:47:39;modules/openlmis-web/src/main/webapp/public/less/ng-grid.less;2;64;0
18/01/2013 05:07:16;modules/openlmis-web/src/main/webapp/public/less/ng-grid.less;2;67;0
17/01/2013 05:38:21;modules/openlmis-web/src/main/webapp/public/less/login.less;5;23;0
15/01/2013 03:13:08;modules/openlmis-web/src/main/webapp/public/less/login.less;5;23;0
14/01/2013 09:11:58;modules/openlmis-web/src/main/webapp/public/less/login.less;5;23;0
14/01/2013 03:20:31;modules/openlmis-web/src/main/webapp/public/less/login.less;5;6;0
11/01/2013 06:56:02;modules/openlmis-web/src/main/webapp/public/less/content.less;42;85;1
11/01/2013 04:56:16;modules/openlmis-web/src/main/webapp/public/less/content.less;42;83;1
09/01/2013 09:45:45;modules/openlmis-web/src/main/webapp/public/less/content.less;41;80;1
09/01/2013 08:52:38;modules/openlmis-web/src/main/webapp/public/less/content.less;41;79;1
08/01/2013 08:56:05;modules/openlmis-web/src/main/webapp/public/less/content.less;41;77;1
08/01/2013 05:15:01;modules/openlmis-web/src/main/webapp/public/less/content.less;41;75;1
07/01/2013 08:19:29;modules/openlmis-web/src/main/webapp/public/less/content.less;33;66;1
07/01/2013 05:57:12;modules/openlmis-web/src/main/webapp/public/less/content.less;32;66;1
03/01/2013 09:50:35;modules/openlmis-web/src/main/webapp/public/less/content.less;32;65;1
02/01/2013 10:00:41;modules/openlmis-web/src/main/webapp/public/less/content.less;31;63;1
02/01/2013 06:10:10;modules/openlmis-web/src/main/webapp/public/less/content.less;31;62;1
01/01/2013 22:12:04;modules/openlmis-web/src/main/webapp/public/less/content.less;31;59;1
01/01/2013 21:59:36;modules/openlmis-web/src/main/webapp/public/less/content.less;31;58;1
01/01/2013 21:59:36;modules/openlmis-web/src/main/webapp/public/less/navigation.less;23;2;0
31/12/2012 03:59:56;modules/openlmis-web/src/main/webapp/public/less/content.less;32;62;1
28/12/2012 07:50:08;modules/openlmis-web/src/main/webapp/public/less/content.less;30;52;1
27/12/2012 06:28:52;modules/openlmis-web/src/main/webapp/public/less/navigation.less;23;2;0
26/12/2012 05:13:12;modules/openlmis-web/src/main/webapp/public/less/content.less;27;50;1
26/12/2012 03:19:07;modules/openlmis-web/src/main/webapp/public/less/content.less;26;50;1
18/12/2012 10:22:06;modules/openlmis-web/src/main/webapp/public/less/content.less;26;49;1
18/12/2012 03:54:23;modules/openlmis-web/src/main/webapp/public/less/content.less;25;41;0
17/12/2012 10:03:21;modules/openlmis-web/src/main/webapp/public/less/content.less;25;40;0
17/12/2012 03:14:32;modules/openlmis-web/src/main/webapp/public/less/app.less;0;1;0
17/12/2012 03:14:32;modules/openlmis-web/src/main/webapp/public/less/calendar.less;31;51;0
17/12/2012 03:14:32;modules/openlmis-web/src/main/webapp/public/less/content.less;21;36;0
12/12/2012 17:02:55;modules/openlmis-web/src/main/webapp/public/js/shared/lib/angular-ui/angular-ui.css;0;9;0
12/12/2012 17:02:55;modules/openlmis-web/src/main/webapp/public/js/shared/lib/angular-ui/angular-ui.min.css;0;9;0
12/12/2012 17:02:55;modules/openlmis-web/src/main/webapp/public/js/shared/lib/bootstrap/css/bootstrap-responsive.css;51;293;0
12/12/2012 17:02:55;modules/openlmis-web/src/main/webapp/public/js/shared/lib/bootstrap/css/bootstrap-responsive.min.css;43;301;0
12/12/2012 17:02:55;modules/openlmis-web/src/main/webapp/public/js/shared/lib/bootstrap/css/bootstrap.css;542;971;0
12/12/2012 17:02:55;modules/openlmis-web/src/main/webapp/public/js/shared/lib/bootstrap/css/bootstrap.min.css;438;1070;0
07/12/2012 04:30:23;modules/openlmis-web/src/main/webapp/public/css/test.css (removed);0;0;0
07/12/2012 04:30:23;modules/openlmis-web/src/main/webapp/public/less/app.less;0;1;0
07/12/2012 04:30:23;modules/openlmis-web/src/main/webapp/public/less/base.less;1;0;1
07/12/2012 04:30:23;modules/openlmis-web/src/main/webapp/public/less/content.less;50;87;0
07/12/2012 04:30:23;modules/openlmis-web/src/main/webapp/public/less/header.less;10;6;1
07/12/2012 04:30:23;modules/openlmis-web/src/main/webapp/public/less/login.less;5;2;0
07/12/2012 04:30:23;modules/openlmis-web/src/main/webapp/public/less/navigation.less;18;2;0
07/12/2012 04:30:23;modules/openlmis-web/src/main/webapp/public/less/test.less (removed);0;0;0
06/12/2012 09:29:08;modules/openlmis-web/src/main/webapp/public/css/test.css;0;1;0
06/12/2012 05:02:55;modules/openlmis-web/src/main/webapp/public/less/test.less;0;1;0
05/12/2012 03:37:43;modules/openlmis-web/src/main/webapp/public/css/content.css;50;87;0
05/12/2012 03:37:43;modules/openlmis-web/src/main/webapp/public/css/header.css;10;6;1
05/12/2012 03:14:04;modules/openlmis-web/src/main/webapp/public/css/content.css;50;87;0
03/12/2012 10:30:22;modules/openlmis-web/src/main/webapp/public/css/content.css;13;29;0
03/12/2012 09:03:04;modules/openlmis-web/src/main/webapp/public/css/content.css;12;27;0
03/12/2012 07:57:11;modules/openlmis-web/src/main/webapp/public/css/content.css;12;27;0
03/12/2012 06:50:39;modules/openlmis-web/src/main/webapp/public/css/content.css;11;27;0
03/12/2012 05:34:29;modules/openlmis-web/src/main/webapp/public/css/content.css;10;27;0
03/12/2012 05:34:29;modules/openlmis-web/src/main/webapp/public/css/header.css;10;6;1
03/12/2012 05:34:29;modules/openlmis-web/src/main/webapp/public/css/navigation.css;18;2;0
03/12/2012 04:27:22;modules/openlmis-web/src/main/webapp/public/css/content.css;9;22;0
02/12/2012 20:09:28;modules/openlmis-web/src/main/webapp/public/css/content.css;8;22;0
26/11/2012 10:34:57;modules/openlmis-web/src/main/webapp/public/css/content.css;7;12;0
26/11/2012 04:24:34;modules/openlmis-web/src/main/webapp/public/css/content.css;6;11;0
26/11/2012 04:24:34;modules/openlmis-web/src/main/webapp/public/css/header.css;10;6;1
26/11/2012 04:24:34;modules/openlmis-web/src/main/webapp/public/css/navigation.css;18;2;0
23/11/2012 06:52:32;modules/openlmis-web/src/main/webapp/public/css/header.css;10;6;1
22/11/2012 05:57:57;modules/openlmis-web/src/main/webapp/public/js/lib/angular-ui/angular-ui.css;0;9;0
22/11/2012 05:57:57;modules/openlmis-web/src/main/webapp/public/js/lib/angular-ui/angular-ui.min.css;0;9;0
22/11/2012 05:57:57;modules/openlmis-web/src/main/webapp/public/js/lib/bootstrap/css/bootstrap-responsive.css;51;293;0
22/11/2012 05:57:57;modules/openlmis-web/src/main/webapp/public/js/lib/bootstrap/css/bootstrap-responsive.min.css;43;301;0
22/11/2012 05:57:57;modules/openlmis-web/src/main/webapp/public/js/lib/bootstrap/css/bootstrap.css;542;971;0
22/11/2012 05:57:57;modules/openlmis-web/src/main/webapp/public/js/lib/bootstrap/css/bootstrap.min.css;438;1070;0
22/11/2012 05:53:19;modules/openlmis-web/src/main/webapp/public/javascript/lib/angular-ui/angular-ui.css;0;9;0
22/11/2012 05:53:19;modules/openlmis-web/src/main/webapp/public/javascript/lib/angular-ui/angular-ui.min.css;0;9;0
22/11/2012 05:53:19;modules/openlmis-web/src/main/webapp/public/javascript/lib/bootstrap/css/bootstrap-responsive.css;51;293;0
22/11/2012 05:53:19;modules/openlmis-web/src/main/webapp/public/javascript/lib/bootstrap/css/bootstrap-responsive.min.css;43;301;0
22/11/2012 05:53:19;modules/openlmis-web/src/main/webapp/public/javascript/lib/bootstrap/css/bootstrap.css;542;971;0
22/11/2012 05:53:19;modules/openlmis-web/src/main/webapp/public/javascript/lib/bootstrap/css/bootstrap.min.css;438;1070;0
22/11/2012 05:53:19;modules/openlmis-web/src/main/webapp/public/js/lib/angular-ui/angular-ui.min.css (removed);0;0;0
22/11/2012 05:53:19;modules/openlmis-web/src/main/webapp/public/js/lib/bootstrap/css/bootstrap-responsive.min.css (removed);0;0;0
22/11/2012 05:53:19;modules/openlmis-web/src/main/webapp/public/js/lib/bootstrap/css/bootstrap.min.css (removed);0;0;0
22/11/2012 05:53:19;modules/openlmis-web/src/test/javascript/lib/jasmine-gradle.css;3;3;1
22/11/2012 05:53:19;modules/openlmis-web/src/test/javascript/lib/jasmine.css;5;29;1
22/11/2012 05:53:19;modules/openlmis-web/src/test/js/lib/jasmine-1.2.0/jasmine.css (removed);0;0;0
20/11/2012 11:04:24;modules/openlmis-web/src/main/webapp/public/css/content.css;6;10;0
20/11/2012 08:44:46;modules/openlmis-web/src/main/webapp/public/css/content.css;6;10;0
20/11/2012 08:33:16;modules/openlmis-web/src/main/webapp/public/css/app.css;0;1;0
20/11/2012 08:33:16;modules/openlmis-web/src/main/webapp/public/css/login.css;5;2;0
20/11/2012 07:26:14;modules/openlmis-web/src/main/webapp/public/css/content.css;5;9;0
19/11/2012 18:33:25;modules/openlmis-web/src/main/webapp/public/css/base.css;1;0;1
19/11/2012 18:33:25;modules/openlmis-web/src/main/webapp/public/css/content.css;0;1;0
18/11/2012 18:02:48;modules/openlmis-web/src/main/webapp/public/css/base.css;1;0;0
18/11/2012 18:02:48;modules/openlmis-web/src/main/webapp/public/css/content.css;0;1;0
18/11/2012 18:02:48;modules/openlmis-web/src/main/webapp/public/css/header.css;10;6;1
18/11/2012 18:02:48;modules/openlmis-web/src/main/webapp/public/css/navigation.css;18;2;0
17/11/2012 15:03:55;modules/openlmis-web/src/main/webapp/public/css/app.css;0;1;0
17/11/2012 15:03:55;modules/openlmis-web/src/main/webapp/public/css/base.css;1;0;0
17/11/2012 15:03:55;modules/openlmis-web/src/main/webapp/public/css/content.css;0;1;0
17/11/2012 15:03:55;modules/openlmis-web/src/main/webapp/public/css/header.css;0;3;0
17/11/2012 15:03:55;modules/openlmis-web/src/main/webapp/public/css/navigation.css;0;1;0
17/11/2012 15:03:55;modules/openlmis-web/src/test/js/lib/jasmine-1.2.0/jasmine.css;19;73;6
16/11/2012 05:53:16;modules/openlmis-web/src/main/webapp/public/js/lib/angular-ui/angular-ui.css;0;9;0
16/11/2012 05:53:16;modules/openlmis-web/src/main/webapp/public/js/lib/angular-ui/angular-ui.min.css;0;5;0
16/11/2012 05:53:16;modules/openlmis-web/src/main/webapp/public/js/lib/angular-ui/common/stylesheets/angular-ui.less (removed);0;0;0
16/11/2012 05:53:16;modules/openlmis-web/src/main/webapp/public/js/lib/angular-ui/common/stylesheets/mixins.less (removed);0;0;0
16/11/2012 05:53:16;modules/openlmis-web/src/main/webapp/public/js/lib/angular-ui/modules/directives/currency/stylesheets/currency.less (removed);0;0;0
16/11/2012 05:53:16;modules/openlmis-web/src/main/webapp/public/js/lib/angular-ui/modules/directives/reset/stylesheets/reset.less (removed);0;0;0
16/11/2012 05:53:16;modules/openlmis-web/src/main/webapp/public/js/lib/angular-ui/modules/filters/highlight/highlight.less (removed);0;0;0
16/11/2012 05:53:16;modules/openlmis-web/src/main/webapp/public/js/lib/angular-ui/templates/stylesheets/template.less (removed);0;0;0
16/11/2012 05:48:52;modules/openlmis-web/src/main/webapp/public/js/lib/angular-ui/angular-ui.css;0;9;0
16/11/2012 05:48:52;modules/openlmis-web/src/main/webapp/public/js/lib/angular-ui/angular-ui.min.css;0;5;0
16/11/2012 05:48:52;modules/openlmis-web/src/main/webapp/public/js/lib/angular-ui/common/stylesheets/angular-ui.less (removed);0;0;0
16/11/2012 05:48:52;modules/openlmis-web/src/main/webapp/public/js/lib/angular-ui/common/stylesheets/mixins.less (removed);0;0;0
16/11/2012 05:48:52;modules/openlmis-web/src/main/webapp/public/js/lib/angular-ui/modules/directives/currency/stylesheets/currency.less (removed);0;0;0
16/11/2012 05:48:52;modules/openlmis-web/src/main/webapp/public/js/lib/angular-ui/modules/directives/reset/stylesheets/reset.less (removed);0;0;0
16/11/2012 05:48:52;modules/openlmis-web/src/main/webapp/public/js/lib/angular-ui/modules/filters/highlight/highlight.less (removed);0;0;0
16/11/2012 05:48:52;modules/openlmis-web/src/main/webapp/public/js/lib/angular-ui/templates/stylesheets/template.less (removed);0;0;0
16/11/2012 03:24:44;modules/openlmis-web/src/main/webapp/public/js/lib/angular-ui/common/stylesheets/angular-ui.less;0;0;0
16/11/2012 03:24:44;modules/openlmis-web/src/main/webapp/public/js/lib/angular-ui/common/stylesheets/mixins.less;4;1;0
16/11/2012 03:24:44;modules/openlmis-web/src/main/webapp/public/js/lib/angular-ui/modules/directives/currency/stylesheets/currency.less;0;5;0
16/11/2012 03:24:44;modules/openlmis-web/src/main/webapp/public/js/lib/angular-ui/modules/directives/reset/stylesheets/reset.less;0;3;0
16/11/2012 03:24:44;modules/openlmis-web/src/main/webapp/public/js/lib/angular-ui/modules/filters/highlight/highlight.less;0;1;0
16/11/2012 03:24:44;modules/openlmis-web/src/main/webapp/public/js/lib/angular-ui/templates/stylesheets/template.less;0;0;0
16/11/2012 03:24:44;modules/openlmis-web/src/main/webapp/public/js/lib/bootstrap/css/bootstrap-responsive.css;51;293;0
16/11/2012 03:24:44;modules/openlmis-web/src/main/webapp/public/js/lib/bootstrap/css/bootstrap-responsive.min.css;40;218;0
16/11/2012 03:24:44;modules/openlmis-web/src/main/webapp/public/js/lib/bootstrap/css/bootstrap.css;542;971;0
16/11/2012 03:24:44;modules/openlmis-web/src/main/webapp/public/js/lib/bootstrap/css/bootstrap.min.css;543;778;50
04/11/2012 19:02:08;modules/openlmis-web/src/main/webapp/public/css/app.css;0;1;0
